/home/cyun/Documents/end_to_end/IMG/center_2024_12_15_23_02_14_902.jpg, /home/cyun/Documents/end_to_end/IMG/left_2024_12_15_23_02_14_902.jpg, /home/cyun/Documents/end_to_end/IMG/right_2024_12_15_23_02_14_902.jpg, 0, 0, 0, 7.936639E-05
/home/cyun/Documents/end_to_end/IMG/center_2024_12_15_23_02_15_004.jpg, /home/cyun/Documents/end_to_end/IMG/left_2024_12_15_23_02_15_004.jpg, /home/cyun/Documents/end_to_end/IMG/right_2024_12_15_23_02_15_004.jpg, 0, 0, 0, 7.783822E-05
/home/cyun/Documents/end_to_end/IMG/center_2024_12_15_23_02_15_104.jpg, /home/cyun/Documents/end_to_end/IMG/left_2024_12_15_23_02_15_104.jpg, /home/cyun/Documents/end_to_end/IMG/right_2024_12_15_23_02_15_104.jpg, 0, 0, 0, 7.80358E-05
/home/cyun/Documents/end_to_end/IMG/center_2024_12_15_23_02_15_206.jpg, /home/cyun/Documents/end_to_end/IMG/left_2024_12_15_23_02_15_206.jpg, /home/cyun/Documents/end_to_end/IMG/right_2024_12_15_23_02_15_206.jpg, 0, 0, 0, 7.810227E-05
/home/cyun/Documents/end_to_end/IMG/center_2024_12_15_23_02_15_309.jpg, /home/cyun/Documents/end_to_end/IMG/left_2024_12_15_23_02_15_309.jpg, /home/cyun/Documents/end_to_end/IMG/right_2024_12_15_23_02_15_309.jpg, 0, 0, 0, 7.818101E-05
/home/cyun/Documents/end_to_end/IMG/center_2024_12_15_23_02_15_413.jpg, /home/cyun/Documents/end_to_end/IMG/left_2024_12_15_23_02_15_413.jpg, /home/cyun/Documents/end_to_end/IMG/right_2024_12_15_23_02_15_413.jpg, 0, 0, 0, 8.276883E-05
/home/cyun/Documents/end_to_end/IMG/center_2024_12_15_23_02_15_518.jpg, /home/cyun/Documents/end_to_end/IMG/left_2024_12_15_23_02_15_518.jpg, /home/cyun/Documents/end_to_end/IMG/right_2024_12_15_23_02_15_518.jpg, 0, 0, 0, 7.872673E-05
/home/cyun/Documents/end_to_end/IMG/center_2024_12_15_23_02_15_623.jpg, /home/cyun/Documents/end_to_end/IMG/left_2024_12_15_23_02_15_623.jpg, /home/cyun/Documents/end_to_end/IMG/right_2024_12_15_23_02_15_623.jpg, 0, 0, 0, 7.796985E-05
/home/cyun/Documents/end_to_end/IMG/center_2024_12_15_23_02_15_724.jpg, /home/cyun/Documents/end_to_end/IMG/left_2024_12_15_23_02_15_724.jpg, /home/cyun/Documents/end_to_end/IMG/right_2024_12_15_23_02_15_724.jpg, 0, 0, 0, 7.792692E-05
/home/cyun/Documents/end_to_end/IMG/center_2024_12_15_23_02_15_825.jpg, /home/cyun/Documents/end_to_end/IMG/left_2024_12_15_23_02_15_825.jpg, /home/cyun/Documents/end_to_end/IMG/right_2024_12_15_23_02_15_825.jpg, 0, 0, 0, 7.813691E-05
/home/cyun/Documents/end_to_end/IMG/center_2024_12_15_23_02_15_930.jpg, /home/cyun/Documents/end_to_end/IMG/left_2024_12_15_23_02_15_930.jpg, /home/cyun/Documents/end_to_end/IMG/right_2024_12_15_23_02_15_930.jpg, 0, 0, 0, 7.793125E-05
/home/cyun/Documents/end_to_end/IMG/center_2024_12_15_23_02_16_031.jpg, /home/cyun/Documents/end_to_end/IMG/left_2024_12_15_23_02_16_031.jpg, /home/cyun/Documents/end_to_end/IMG/right_2024_12_15_23_02_16_031.jpg, 0, 0, 0, 7.834138E-05
/home/cyun/Documents/end_to_end/IMG/center_2024_12_15_23_02_16_134.jpg, /home/cyun/Documents/end_to_end/IMG/left_2024_12_15_23_02_16_134.jpg, /home/cyun/Documents/end_to_end/IMG/right_2024_12_15_23_02_16_134.jpg, 0, 0, 0, 7.901427E-05
/home/cyun/Documents/end_to_end/IMG/center_2024_12_15_23_02_16_236.jpg, /home/cyun/Documents/end_to_end/IMG/left_2024_12_15_23_02_16_236.jpg, /home/cyun/Documents/end_to_end/IMG/right_2024_12_15_23_02_16_236.jpg, 0, 0, 0, 7.995947E-05
/home/cyun/Documents/end_to_end/IMG/center_2024_12_15_23_02_16_341.jpg, /home/cyun/Documents/end_to_end/IMG/left_2024_12_15_23_02_16_341.jpg, /home/cyun/Documents/end_to_end/IMG/right_2024_12_15_23_02_16_341.jpg, 0, 0, 0, 8.009362E-05
/home/cyun/Documents/end_to_end/IMG/center_2024_12_15_23_02_16_442.jpg, /home/cyun/Documents/end_to_end/IMG/left_2024_12_15_23_02_16_442.jpg, /home/cyun/Documents/end_to_end/IMG/right_2024_12_15_23_02_16_442.jpg, 0, 0, 0, 7.763509E-05
/home/cyun/Documents/end_to_end/IMG/center_2024_12_15_23_02_16_544.jpg, /home/cyun/Documents/end_to_end/IMG/left_2024_12_15_23_02_16_544.jpg, /home/cyun/Documents/end_to_end/IMG/right_2024_12_15_23_02_16_544.jpg, 0, 0, 0, 7.782422E-05
/home/cyun/Documents/end_to_end/IMG/center_2024_12_15_23_02_16_645.jpg, /home/cyun/Documents/end_to_end/IMG/left_2024_12_15_23_02_16_645.jpg, /home/cyun/Documents/end_to_end/IMG/right_2024_12_15_23_02_16_645.jpg, 0, 0, 0, 7.819568E-05
/home/cyun/Documents/end_to_end/IMG/center_2024_12_15_23_02_16_746.jpg, /home/cyun/Documents/end_to_end/IMG/left_2024_12_15_23_02_16_746.jpg, /home/cyun/Documents/end_to_end/IMG/right_2024_12_15_23_02_16_746.jpg, 0, 0, 0, 7.869663E-05
/home/cyun/Documents/end_to_end/IMG/center_2024_12_15_23_02_16_848.jpg, /home/cyun/Documents/end_to_end/IMG/left_2024_12_15_23_02_16_848.jpg, /home/cyun/Documents/end_to_end/IMG/right_2024_12_15_23_02_16_848.jpg, 0, 0, 0, 7.783499E-05
/home/cyun/Documents/end_to_end/IMG/center_2024_12_15_23_02_16_949.jpg, /home/cyun/Documents/end_to_end/IMG/left_2024_12_15_23_02_16_949.jpg, /home/cyun/Documents/end_to_end/IMG/right_2024_12_15_23_02_16_949.jpg, 0, 0, 0, 7.933931E-05
/home/cyun/Documents/end_to_end/IMG/center_2024_12_15_23_02_17_051.jpg, /home/cyun/Documents/end_to_end/IMG/left_2024_12_15_23_02_17_051.jpg, /home/cyun/Documents/end_to_end/IMG/right_2024_12_15_23_02_17_051.jpg, 0, 0, 0, 7.850943E-05
/home/cyun/Documents/end_to_end/IMG/center_2024_12_15_23_02_17_154.jpg, /home/cyun/Documents/end_to_end/IMG/left_2024_12_15_23_02_17_154.jpg, /home/cyun/Documents/end_to_end/IMG/right_2024_12_15_23_02_17_154.jpg, 0, 0, 0, 7.886794E-05
/home/cyun/Documents/end_to_end/IMG/center_2024_12_15_23_02_17_256.jpg, /home/cyun/Documents/end_to_end/IMG/left_2024_12_15_23_02_17_256.jpg, /home/cyun/Documents/end_to_end/IMG/right_2024_12_15_23_02_17_256.jpg, 0, 0, 0, 8.005561E-05
/home/cyun/Documents/end_to_end/IMG/center_2024_12_15_23_02_17_356.jpg, /home/cyun/Documents/end_to_end/IMG/left_2024_12_15_23_02_17_356.jpg, /home/cyun/Documents/end_to_end/IMG/right_2024_12_15_23_02_17_356.jpg, 0, 0, 0, 7.942828E-05
/home/cyun/Documents/end_to_end/IMG/center_2024_12_15_23_02_17_457.jpg, /home/cyun/Documents/end_to_end/IMG/left_2024_12_15_23_02_17_457.jpg, /home/cyun/Documents/end_to_end/IMG/right_2024_12_15_23_02_17_457.jpg, 0, 0, 0, 7.843513E-05
/home/cyun/Documents/end_to_end/IMG/center_2024_12_15_23_02_17_561.jpg, /home/cyun/Documents/end_to_end/IMG/left_2024_12_15_23_02_17_561.jpg, /home/cyun/Documents/end_to_end/IMG/right_2024_12_15_23_02_17_561.jpg, 0, 0, 0, 7.855611E-05
/home/cyun/Documents/end_to_end/IMG/center_2024_12_15_23_02_17_664.jpg, /home/cyun/Documents/end_to_end/IMG/left_2024_12_15_23_02_17_664.jpg, /home/cyun/Documents/end_to_end/IMG/right_2024_12_15_23_02_17_664.jpg, 0, 0, 0, 7.809413E-05
/home/cyun/Documents/end_to_end/IMG/center_2024_12_15_23_02_17_769.jpg, /home/cyun/Documents/end_to_end/IMG/left_2024_12_15_23_02_17_769.jpg, /home/cyun/Documents/end_to_end/IMG/right_2024_12_15_23_02_17_769.jpg, -0.06430221, 0, 0, 8.023212E-05
/home/cyun/Documents/end_to_end/IMG/center_2024_12_15_23_02_17_871.jpg, /home/cyun/Documents/end_to_end/IMG/left_2024_12_15_23_02_17_871.jpg, /home/cyun/Documents/end_to_end/IMG/right_2024_12_15_23_02_17_871.jpg, -0.3705361, 0, 0.2905862, 0.06871323
/home/cyun/Documents/end_to_end/IMG/center_2024_12_15_23_02_17_974.jpg, /home/cyun/Documents/end_to_end/IMG/left_2024_12_15_23_02_17_974.jpg, /home/cyun/Documents/end_to_end/IMG/right_2024_12_15_23_02_17_974.jpg, 0.06817532, 0, 0.548044, 0.2226389
/home/cyun/Documents/end_to_end/IMG/center_2024_12_15_23_02_18_076.jpg, /home/cyun/Documents/end_to_end/IMG/left_2024_12_15_23_02_18_076.jpg, /home/cyun/Documents/end_to_end/IMG/right_2024_12_15_23_02_18_076.jpg, 0.3897092, 0, 0.22651, 0.3280278
/home/cyun/Documents/end_to_end/IMG/center_2024_12_15_23_02_18_180.jpg, /home/cyun/Documents/end_to_end/IMG/left_2024_12_15_23_02_18_180.jpg, /home/cyun/Documents/end_to_end/IMG/right_2024_12_15_23_02_18_180.jpg, 0.1456239, 0, 0, 0.3762296
/home/cyun/Documents/end_to_end/IMG/center_2024_12_15_23_02_18_285.jpg, /home/cyun/Documents/end_to_end/IMG/left_2024_12_15_23_02_18_285.jpg, /home/cyun/Documents/end_to_end/IMG/right_2024_12_15_23_02_18_285.jpg, 0, 0, 0, 0.3714255
/home/cyun/Documents/end_to_end/IMG/center_2024_12_15_23_02_18_387.jpg, /home/cyun/Documents/end_to_end/IMG/left_2024_12_15_23_02_18_387.jpg, /home/cyun/Documents/end_to_end/IMG/right_2024_12_15_23_02_18_387.jpg, 0, 0, 0, 0.3674623
/home/cyun/Documents/end_to_end/IMG/center_2024_12_15_23_02_18_489.jpg, /home/cyun/Documents/end_to_end/IMG/left_2024_12_15_23_02_18_489.jpg, /home/cyun/Documents/end_to_end/IMG/right_2024_12_15_23_02_18_489.jpg, 0, 0.1564171, 0, 0.3317809
/home/cyun/Documents/end_to_end/IMG/center_2024_12_15_23_02_18_595.jpg, /home/cyun/Documents/end_to_end/IMG/left_2024_12_15_23_02_18_595.jpg, /home/cyun/Documents/end_to_end/IMG/right_2024_12_15_23_02_18_595.jpg, 0, 0.4520195, 0, 0.09444065
/home/cyun/Documents/end_to_end/IMG/center_2024_12_15_23_02_18_697.jpg, /home/cyun/Documents/end_to_end/IMG/left_2024_12_15_23_02_18_697.jpg, /home/cyun/Documents/end_to_end/IMG/right_2024_12_15_23_02_18_697.jpg, 0, 0.7590573, 0, 0.8093216
/home/cyun/Documents/end_to_end/IMG/center_2024_12_15_23_02_18_799.jpg, /home/cyun/Documents/end_to_end/IMG/left_2024_12_15_23_02_18_799.jpg, /home/cyun/Documents/end_to_end/IMG/right_2024_12_15_23_02_18_799.jpg, 0, 1, 0, 1.941417
/home/cyun/Documents/end_to_end/IMG/center_2024_12_15_23_02_18_900.jpg, /home/cyun/Documents/end_to_end/IMG/left_2024_12_15_23_02_18_900.jpg, /home/cyun/Documents/end_to_end/IMG/right_2024_12_15_23_02_18_900.jpg, -0.1778612, 1, 0, 3.113579
/home/cyun/Documents/end_to_end/IMG/center_2024_12_15_23_02_19_004.jpg, /home/cyun/Documents/end_to_end/IMG/left_2024_12_15_23_02_19_004.jpg, /home/cyun/Documents/end_to_end/IMG/right_2024_12_15_23_02_19_004.jpg, -0.5418992, 1, 0, 4.485352
/home/cyun/Documents/end_to_end/IMG/center_2024_12_15_23_02_19_107.jpg, /home/cyun/Documents/end_to_end/IMG/left_2024_12_15_23_02_19_107.jpg, /home/cyun/Documents/end_to_end/IMG/right_2024_12_15_23_02_19_107.jpg, -0.6007075, 1, 0, 5.603627
/home/cyun/Documents/end_to_end/IMG/center_2024_12_15_23_02_19_209.jpg, /home/cyun/Documents/end_to_end/IMG/left_2024_12_15_23_02_19_209.jpg, /home/cyun/Documents/end_to_end/IMG/right_2024_12_15_23_02_19_209.jpg, -0.3110633, 0.9159667, 0, 6.740783
/home/cyun/Documents/end_to_end/IMG/center_2024_12_15_23_02_19_311.jpg, /home/cyun/Documents/end_to_end/IMG/left_2024_12_15_23_02_19_311.jpg, /home/cyun/Documents/end_to_end/IMG/right_2024_12_15_23_02_19_311.jpg, -0.004415274, 0.6093187, 0, 7.56912
/home/cyun/Documents/end_to_end/IMG/center_2024_12_15_23_02_19_417.jpg, /home/cyun/Documents/end_to_end/IMG/left_2024_12_15_23_02_19_417.jpg, /home/cyun/Documents/end_to_end/IMG/right_2024_12_15_23_02_19_417.jpg, 0, 0.6314888, 0, 8.158306
/home/cyun/Documents/end_to_end/IMG/center_2024_12_15_23_02_19_522.jpg, /home/cyun/Documents/end_to_end/IMG/left_2024_12_15_23_02_19_522.jpg, /home/cyun/Documents/end_to_end/IMG/right_2024_12_15_23_02_19_522.jpg, -0.1772733, 0.9293406, 0, 9.029633
/home/cyun/Documents/end_to_end/IMG/center_2024_12_15_23_02_19_627.jpg, /home/cyun/Documents/end_to_end/IMG/left_2024_12_15_23_02_19_627.jpg, /home/cyun/Documents/end_to_end/IMG/right_2024_12_15_23_02_19_627.jpg, -0.5452051, 1, 0, 10.28026
/home/cyun/Documents/end_to_end/IMG/center_2024_12_15_23_02_19_728.jpg, /home/cyun/Documents/end_to_end/IMG/left_2024_12_15_23_02_19_728.jpg, /home/cyun/Documents/end_to_end/IMG/right_2024_12_15_23_02_19_728.jpg, -0.831105, 1, 0, 11.23817
/home/cyun/Documents/end_to_end/IMG/center_2024_12_15_23_02_19_831.jpg, /home/cyun/Documents/end_to_end/IMG/left_2024_12_15_23_02_19_831.jpg, /home/cyun/Documents/end_to_end/IMG/right_2024_12_15_23_02_19_831.jpg, -0.8733189, 0.9451234, 0, 11.99459
/home/cyun/Documents/end_to_end/IMG/center_2024_12_15_23_02_19_935.jpg, /home/cyun/Documents/end_to_end/IMG/left_2024_12_15_23_02_19_935.jpg, /home/cyun/Documents/end_to_end/IMG/right_2024_12_15_23_02_19_935.jpg, -0.5624559, 0.7554305, 0, 13.13796
/home/cyun/Documents/end_to_end/IMG/center_2024_12_15_23_02_20_036.jpg, /home/cyun/Documents/end_to_end/IMG/left_2024_12_15_23_02_20_036.jpg, /home/cyun/Documents/end_to_end/IMG/right_2024_12_15_23_02_20_036.jpg, -0.2791781, 1, 0, 14.0063
/home/cyun/Documents/end_to_end/IMG/center_2024_12_15_23_02_20_141.jpg, /home/cyun/Documents/end_to_end/IMG/left_2024_12_15_23_02_20_141.jpg, /home/cyun/Documents/end_to_end/IMG/right_2024_12_15_23_02_20_141.jpg, 0, 1, 0, 15.09709
/home/cyun/Documents/end_to_end/IMG/center_2024_12_15_23_02_20_242.jpg, /home/cyun/Documents/end_to_end/IMG/left_2024_12_15_23_02_20_242.jpg, /home/cyun/Documents/end_to_end/IMG/right_2024_12_15_23_02_20_242.jpg, 0.04126811, 1, 0, 16.40714
/home/cyun/Documents/end_to_end/IMG/center_2024_12_15_23_02_20_343.jpg, /home/cyun/Documents/end_to_end/IMG/left_2024_12_15_23_02_20_343.jpg, /home/cyun/Documents/end_to_end/IMG/right_2024_12_15_23_02_20_343.jpg, 0.3433049, 1, 0, 17.21959
/home/cyun/Documents/end_to_end/IMG/center_2024_12_15_23_02_20_447.jpg, /home/cyun/Documents/end_to_end/IMG/left_2024_12_15_23_02_20_447.jpg, /home/cyun/Documents/end_to_end/IMG/right_2024_12_15_23_02_20_447.jpg, 0.1722185, 1, 0, 18.37655
/home/cyun/Documents/end_to_end/IMG/center_2024_12_15_23_02_20_550.jpg, /home/cyun/Documents/end_to_end/IMG/left_2024_12_15_23_02_20_550.jpg, /home/cyun/Documents/end_to_end/IMG/right_2024_12_15_23_02_20_550.jpg, 0, 1, 0, 19.24745
/home/cyun/Documents/end_to_end/IMG/center_2024_12_15_23_02_20_655.jpg, /home/cyun/Documents/end_to_end/IMG/left_2024_12_15_23_02_20_655.jpg, /home/cyun/Documents/end_to_end/IMG/right_2024_12_15_23_02_20_655.jpg, 0, 1, 0, 20.38003
/home/cyun/Documents/end_to_end/IMG/center_2024_12_15_23_02_20_758.jpg, /home/cyun/Documents/end_to_end/IMG/left_2024_12_15_23_02_20_758.jpg, /home/cyun/Documents/end_to_end/IMG/right_2024_12_15_23_02_20_758.jpg, -0.06090546, 1, 0, 21.30116
/home/cyun/Documents/end_to_end/IMG/center_2024_12_15_23_02_20_863.jpg, /home/cyun/Documents/end_to_end/IMG/left_2024_12_15_23_02_20_863.jpg, /home/cyun/Documents/end_to_end/IMG/right_2024_12_15_23_02_20_863.jpg, -0.03327584, 1, 0, 22.48484
/home/cyun/Documents/end_to_end/IMG/center_2024_12_15_23_02_20_965.jpg, /home/cyun/Documents/end_to_end/IMG/left_2024_12_15_23_02_20_965.jpg, /home/cyun/Documents/end_to_end/IMG/right_2024_12_15_23_02_20_965.jpg, 0, 1, 0, 23.48609
/home/cyun/Documents/end_to_end/IMG/center_2024_12_15_23_02_21_069.jpg, /home/cyun/Documents/end_to_end/IMG/left_2024_12_15_23_02_21_069.jpg, /home/cyun/Documents/end_to_end/IMG/right_2024_12_15_23_02_21_069.jpg, 0, 1, 0, 24.45112
/home/cyun/Documents/end_to_end/IMG/center_2024_12_15_23_02_21_171.jpg, /home/cyun/Documents/end_to_end/IMG/left_2024_12_15_23_02_21_171.jpg, /home/cyun/Documents/end_to_end/IMG/right_2024_12_15_23_02_21_171.jpg, -0.01668906, 1, 0, 25.41491
/home/cyun/Documents/end_to_end/IMG/center_2024_12_15_23_02_21_277.jpg, /home/cyun/Documents/end_to_end/IMG/left_2024_12_15_23_02_21_277.jpg, /home/cyun/Documents/end_to_end/IMG/right_2024_12_15_23_02_21_277.jpg, -0.314106, 1, 0, 26.31553
/home/cyun/Documents/end_to_end/IMG/center_2024_12_15_23_02_21_382.jpg, /home/cyun/Documents/end_to_end/IMG/left_2024_12_15_23_02_21_382.jpg, /home/cyun/Documents/end_to_end/IMG/right_2024_12_15_23_02_21_382.jpg, -0.6665854, 1, 0, 27.17294
/home/cyun/Documents/end_to_end/IMG/center_2024_12_15_23_02_21_483.jpg, /home/cyun/Documents/end_to_end/IMG/left_2024_12_15_23_02_21_483.jpg, /home/cyun/Documents/end_to_end/IMG/right_2024_12_15_23_02_21_483.jpg, -0.7123418, 1, 0, 27.7869
/home/cyun/Documents/end_to_end/IMG/center_2024_12_15_23_02_21_587.jpg, /home/cyun/Documents/end_to_end/IMG/left_2024_12_15_23_02_21_587.jpg, /home/cyun/Documents/end_to_end/IMG/right_2024_12_15_23_02_21_587.jpg, -0.4006119, 1, 0, 28.70272
/home/cyun/Documents/end_to_end/IMG/center_2024_12_15_23_02_21_689.jpg, /home/cyun/Documents/end_to_end/IMG/left_2024_12_15_23_02_21_689.jpg, /home/cyun/Documents/end_to_end/IMG/right_2024_12_15_23_02_21_689.jpg, -0.1131184, 1, 0, 29.65191
/home/cyun/Documents/end_to_end/IMG/center_2024_12_15_23_02_21_792.jpg, /home/cyun/Documents/end_to_end/IMG/left_2024_12_15_23_02_21_792.jpg, /home/cyun/Documents/end_to_end/IMG/right_2024_12_15_23_02_21_792.jpg, 0, 1, 0, 30.18663
/home/cyun/Documents/end_to_end/IMG/center_2024_12_15_23_02_21_897.jpg, /home/cyun/Documents/end_to_end/IMG/left_2024_12_15_23_02_21_897.jpg, /home/cyun/Documents/end_to_end/IMG/right_2024_12_15_23_02_21_897.jpg, 0.180306, 1, 0, 30.17502
/home/cyun/Documents/end_to_end/IMG/center_2024_12_15_23_02_22_001.jpg, /home/cyun/Documents/end_to_end/IMG/left_2024_12_15_23_02_22_001.jpg, /home/cyun/Documents/end_to_end/IMG/right_2024_12_15_23_02_22_001.jpg, 0.4945915, 1, 0, 30.1369
/home/cyun/Documents/end_to_end/IMG/center_2024_12_15_23_02_22_107.jpg, /home/cyun/Documents/end_to_end/IMG/left_2024_12_15_23_02_22_107.jpg, /home/cyun/Documents/end_to_end/IMG/right_2024_12_15_23_02_22_107.jpg, 0.1771195, 0.8292727, 0, 30.16422
/home/cyun/Documents/end_to_end/IMG/center_2024_12_15_23_02_22_212.jpg, /home/cyun/Documents/end_to_end/IMG/left_2024_12_15_23_02_22_212.jpg, /home/cyun/Documents/end_to_end/IMG/right_2024_12_15_23_02_22_212.jpg, 0, 0.5324016, 0, 30.07795
/home/cyun/Documents/end_to_end/IMG/center_2024_12_15_23_02_22_316.jpg, /home/cyun/Documents/end_to_end/IMG/left_2024_12_15_23_02_22_316.jpg, /home/cyun/Documents/end_to_end/IMG/right_2024_12_15_23_02_22_316.jpg, 0, 0.2384472, 0, 30.00802
/home/cyun/Documents/end_to_end/IMG/center_2024_12_15_23_02_22_421.jpg, /home/cyun/Documents/end_to_end/IMG/left_2024_12_15_23_02_22_421.jpg, /home/cyun/Documents/end_to_end/IMG/right_2024_12_15_23_02_22_421.jpg, 0, 0.4006608, 0, 30.01558
/home/cyun/Documents/end_to_end/IMG/center_2024_12_15_23_02_22_525.jpg, /home/cyun/Documents/end_to_end/IMG/left_2024_12_15_23_02_22_525.jpg, /home/cyun/Documents/end_to_end/IMG/right_2024_12_15_23_02_22_525.jpg, 0, 0.7673051, 0, 30.12107
/home/cyun/Documents/end_to_end/IMG/center_2024_12_15_23_02_22_626.jpg, /home/cyun/Documents/end_to_end/IMG/left_2024_12_15_23_02_22_626.jpg, /home/cyun/Documents/end_to_end/IMG/right_2024_12_15_23_02_22_626.jpg, 0, 1, 0, 30.19319
/home/cyun/Documents/end_to_end/IMG/center_2024_12_15_23_02_22_731.jpg, /home/cyun/Documents/end_to_end/IMG/left_2024_12_15_23_02_22_731.jpg, /home/cyun/Documents/end_to_end/IMG/right_2024_12_15_23_02_22_731.jpg, -0.1601064, 1, 0, 30.18309
/home/cyun/Documents/end_to_end/IMG/center_2024_12_15_23_02_22_834.jpg, /home/cyun/Documents/end_to_end/IMG/left_2024_12_15_23_02_22_834.jpg, /home/cyun/Documents/end_to_end/IMG/right_2024_12_15_23_02_22_834.jpg, -0.4533384, 0.9056234, 0, 30.13504
/home/cyun/Documents/end_to_end/IMG/center_2024_12_15_23_02_22_940.jpg, /home/cyun/Documents/end_to_end/IMG/left_2024_12_15_23_02_22_940.jpg, /home/cyun/Documents/end_to_end/IMG/right_2024_12_15_23_02_22_940.jpg, -0.349755, 0.5915532, 0, 30.09637
/home/cyun/Documents/end_to_end/IMG/center_2024_12_15_23_02_23_046.jpg, /home/cyun/Documents/end_to_end/IMG/left_2024_12_15_23_02_23_046.jpg, /home/cyun/Documents/end_to_end/IMG/right_2024_12_15_23_02_23_046.jpg, 0, 0.2347629, 0, 30.00312
/home/cyun/Documents/end_to_end/IMG/center_2024_12_15_23_02_23_147.jpg, /home/cyun/Documents/end_to_end/IMG/left_2024_12_15_23_02_23_147.jpg, /home/cyun/Documents/end_to_end/IMG/right_2024_12_15_23_02_23_147.jpg, -0.2530861, 0, 0, 29.81558
/home/cyun/Documents/end_to_end/IMG/center_2024_12_15_23_02_23_252.jpg, /home/cyun/Documents/end_to_end/IMG/left_2024_12_15_23_02_23_252.jpg, /home/cyun/Documents/end_to_end/IMG/right_2024_12_15_23_02_23_252.jpg, -0.2625625, 0.2214689, 0, 29.53555
/home/cyun/Documents/end_to_end/IMG/center_2024_12_15_23_02_23_355.jpg, /home/cyun/Documents/end_to_end/IMG/left_2024_12_15_23_02_23_355.jpg, /home/cyun/Documents/end_to_end/IMG/right_2024_12_15_23_02_23_355.jpg, 0, 0.532656, 0, 29.67616
/home/cyun/Documents/end_to_end/IMG/center_2024_12_15_23_02_23_462.jpg, /home/cyun/Documents/end_to_end/IMG/left_2024_12_15_23_02_23_462.jpg, /home/cyun/Documents/end_to_end/IMG/right_2024_12_15_23_02_23_462.jpg, 0, 0.7836392, 0, 30.15111
/home/cyun/Documents/end_to_end/IMG/center_2024_12_15_23_02_23_569.jpg, /home/cyun/Documents/end_to_end/IMG/left_2024_12_15_23_02_23_569.jpg, /home/cyun/Documents/end_to_end/IMG/right_2024_12_15_23_02_23_569.jpg, 0, 0.4644248, 0, 30.06714
/home/cyun/Documents/end_to_end/IMG/center_2024_12_15_23_02_23_675.jpg, /home/cyun/Documents/end_to_end/IMG/left_2024_12_15_23_02_23_675.jpg, /home/cyun/Documents/end_to_end/IMG/right_2024_12_15_23_02_23_675.jpg, 0, 0.1647277, 0, 29.99164
/home/cyun/Documents/end_to_end/IMG/center_2024_12_15_23_02_23_781.jpg, /home/cyun/Documents/end_to_end/IMG/left_2024_12_15_23_02_23_781.jpg, /home/cyun/Documents/end_to_end/IMG/right_2024_12_15_23_02_23_781.jpg, 0, 0.04306197, 0, 29.75913
/home/cyun/Documents/end_to_end/IMG/center_2024_12_15_23_02_23_885.jpg, /home/cyun/Documents/end_to_end/IMG/left_2024_12_15_23_02_23_885.jpg, /home/cyun/Documents/end_to_end/IMG/right_2024_12_15_23_02_23_885.jpg, 0, 0.3985591, 0, 29.70599
/home/cyun/Documents/end_to_end/IMG/center_2024_12_15_23_02_23_988.jpg, /home/cyun/Documents/end_to_end/IMG/left_2024_12_15_23_02_23_988.jpg, /home/cyun/Documents/end_to_end/IMG/right_2024_12_15_23_02_23_988.jpg, 0, 0.70629, 0, 30.05664
/home/cyun/Documents/end_to_end/IMG/center_2024_12_15_23_02_24_090.jpg, /home/cyun/Documents/end_to_end/IMG/left_2024_12_15_23_02_24_090.jpg, /home/cyun/Documents/end_to_end/IMG/right_2024_12_15_23_02_24_090.jpg, 0, 0.8647106, 0, 30.16759
/home/cyun/Documents/end_to_end/IMG/center_2024_12_15_23_02_24_192.jpg, /home/cyun/Documents/end_to_end/IMG/left_2024_12_15_23_02_24_192.jpg, /home/cyun/Documents/end_to_end/IMG/right_2024_12_15_23_02_24_192.jpg, 0, 0.5577929, 0, 30.09063
/home/cyun/Documents/end_to_end/IMG/center_2024_12_15_23_02_24_295.jpg, /home/cyun/Documents/end_to_end/IMG/left_2024_12_15_23_02_24_295.jpg, /home/cyun/Documents/end_to_end/IMG/right_2024_12_15_23_02_24_295.jpg, 0, 0.8264072, 0, 30.13389
/home/cyun/Documents/end_to_end/IMG/center_2024_12_15_23_02_24_397.jpg, /home/cyun/Documents/end_to_end/IMG/left_2024_12_15_23_02_24_397.jpg, /home/cyun/Documents/end_to_end/IMG/right_2024_12_15_23_02_24_397.jpg, 0, 1, 0, 30.19049
/home/cyun/Documents/end_to_end/IMG/center_2024_12_15_23_02_24_499.jpg, /home/cyun/Documents/end_to_end/IMG/left_2024_12_15_23_02_24_499.jpg, /home/cyun/Documents/end_to_end/IMG/right_2024_12_15_23_02_24_499.jpg, -0.2642605, 1, 0, 30.17225
/home/cyun/Documents/end_to_end/IMG/center_2024_12_15_23_02_24_599.jpg, /home/cyun/Documents/end_to_end/IMG/left_2024_12_15_23_02_24_599.jpg, /home/cyun/Documents/end_to_end/IMG/right_2024_12_15_23_02_24_599.jpg, -0.1616542, 0.7443161, 0, 30.14013
/home/cyun/Documents/end_to_end/IMG/center_2024_12_15_23_02_24_703.jpg, /home/cyun/Documents/end_to_end/IMG/left_2024_12_15_23_02_24_703.jpg, /home/cyun/Documents/end_to_end/IMG/right_2024_12_15_23_02_24_703.jpg, 0, 0.390409, 0, 30.04261
/home/cyun/Documents/end_to_end/IMG/center_2024_12_15_23_02_24_807.jpg, /home/cyun/Documents/end_to_end/IMG/left_2024_12_15_23_02_24_807.jpg, /home/cyun/Documents/end_to_end/IMG/right_2024_12_15_23_02_24_807.jpg, -0.04839921, 0.07717919, 0, 29.95409
/home/cyun/Documents/end_to_end/IMG/center_2024_12_15_23_02_24_911.jpg, /home/cyun/Documents/end_to_end/IMG/left_2024_12_15_23_02_24_911.jpg, /home/cyun/Documents/end_to_end/IMG/right_2024_12_15_23_02_24_911.jpg, -0.3359585, 0, 0, 29.60994
/home/cyun/Documents/end_to_end/IMG/center_2024_12_15_23_02_25_011.jpg, /home/cyun/Documents/end_to_end/IMG/left_2024_12_15_23_02_25_011.jpg, /home/cyun/Documents/end_to_end/IMG/right_2024_12_15_23_02_25_011.jpg, -0.6374431, 0, 0, 29.07709
/home/cyun/Documents/end_to_end/IMG/center_2024_12_15_23_02_25_122.jpg, /home/cyun/Documents/end_to_end/IMG/left_2024_12_15_23_02_25_122.jpg, /home/cyun/Documents/end_to_end/IMG/right_2024_12_15_23_02_25_122.jpg, -0.3881757, 0, 0, 28.67245
/home/cyun/Documents/end_to_end/IMG/center_2024_12_15_23_02_25_230.jpg, /home/cyun/Documents/end_to_end/IMG/left_2024_12_15_23_02_25_230.jpg, /home/cyun/Documents/end_to_end/IMG/right_2024_12_15_23_02_25_230.jpg, -0.006869316, 0.05625057, 0, 28.34039
/home/cyun/Documents/end_to_end/IMG/center_2024_12_15_23_02_25_330.jpg, /home/cyun/Documents/end_to_end/IMG/left_2024_12_15_23_02_25_330.jpg, /home/cyun/Documents/end_to_end/IMG/right_2024_12_15_23_02_25_330.jpg, 0, 0.3572252, 0, 28.2678
/home/cyun/Documents/end_to_end/IMG/center_2024_12_15_23_02_25_432.jpg, /home/cyun/Documents/end_to_end/IMG/left_2024_12_15_23_02_25_432.jpg, /home/cyun/Documents/end_to_end/IMG/right_2024_12_15_23_02_25_432.jpg, 0, 0.4588265, 0, 28.54241
/home/cyun/Documents/end_to_end/IMG/center_2024_12_15_23_02_25_539.jpg, /home/cyun/Documents/end_to_end/IMG/left_2024_12_15_23_02_25_539.jpg, /home/cyun/Documents/end_to_end/IMG/right_2024_12_15_23_02_25_539.jpg, 0, 0.1355889, 0, 28.63942
/home/cyun/Documents/end_to_end/IMG/center_2024_12_15_23_02_25_640.jpg, /home/cyun/Documents/end_to_end/IMG/left_2024_12_15_23_02_25_640.jpg, /home/cyun/Documents/end_to_end/IMG/right_2024_12_15_23_02_25_640.jpg, 0, 0.2967482, 0, 28.52384
/home/cyun/Documents/end_to_end/IMG/center_2024_12_15_23_02_25_743.jpg, /home/cyun/Documents/end_to_end/IMG/left_2024_12_15_23_02_25_743.jpg, /home/cyun/Documents/end_to_end/IMG/right_2024_12_15_23_02_25_743.jpg, 0, 0.6340113, 0, 28.83647
/home/cyun/Documents/end_to_end/IMG/center_2024_12_15_23_02_25_847.jpg, /home/cyun/Documents/end_to_end/IMG/left_2024_12_15_23_02_25_847.jpg, /home/cyun/Documents/end_to_end/IMG/right_2024_12_15_23_02_25_847.jpg, 0, 0.9471753, 0, 29.49151
/home/cyun/Documents/end_to_end/IMG/center_2024_12_15_23_02_25_951.jpg, /home/cyun/Documents/end_to_end/IMG/left_2024_12_15_23_02_25_951.jpg, /home/cyun/Documents/end_to_end/IMG/right_2024_12_15_23_02_25_951.jpg, 0, 0.8797326, 0, 30.17202
/home/cyun/Documents/end_to_end/IMG/center_2024_12_15_23_02_26_057.jpg, /home/cyun/Documents/end_to_end/IMG/left_2024_12_15_23_02_26_057.jpg, /home/cyun/Documents/end_to_end/IMG/right_2024_12_15_23_02_26_057.jpg, 0, 1, 0, 30.18192
/home/cyun/Documents/end_to_end/IMG/center_2024_12_15_23_02_26_161.jpg, /home/cyun/Documents/end_to_end/IMG/left_2024_12_15_23_02_26_161.jpg, /home/cyun/Documents/end_to_end/IMG/right_2024_12_15_23_02_26_161.jpg, 0, 1, 0, 30.19034
/home/cyun/Documents/end_to_end/IMG/center_2024_12_15_23_02_26_263.jpg, /home/cyun/Documents/end_to_end/IMG/left_2024_12_15_23_02_26_263.jpg, /home/cyun/Documents/end_to_end/IMG/right_2024_12_15_23_02_26_263.jpg, 0, 0.7330995, 0, 30.13403
/home/cyun/Documents/end_to_end/IMG/center_2024_12_15_23_02_26_367.jpg, /home/cyun/Documents/end_to_end/IMG/left_2024_12_15_23_02_26_367.jpg, /home/cyun/Documents/end_to_end/IMG/right_2024_12_15_23_02_26_367.jpg, 0, 1, 0, 30.18869
/home/cyun/Documents/end_to_end/IMG/center_2024_12_15_23_02_26_471.jpg, /home/cyun/Documents/end_to_end/IMG/left_2024_12_15_23_02_26_471.jpg, /home/cyun/Documents/end_to_end/IMG/right_2024_12_15_23_02_26_471.jpg, 0, 1, 0, 30.19031
/home/cyun/Documents/end_to_end/IMG/center_2024_12_15_23_02_26_573.jpg, /home/cyun/Documents/end_to_end/IMG/left_2024_12_15_23_02_26_573.jpg, /home/cyun/Documents/end_to_end/IMG/right_2024_12_15_23_02_26_573.jpg, -0.2059736, 0.9419019, 0, 30.17889
/home/cyun/Documents/end_to_end/IMG/center_2024_12_15_23_02_26_677.jpg, /home/cyun/Documents/end_to_end/IMG/left_2024_12_15_23_02_26_677.jpg, /home/cyun/Documents/end_to_end/IMG/right_2024_12_15_23_02_26_677.jpg, -0.2730982, 0.6314287, 0, 30.10086
/home/cyun/Documents/end_to_end/IMG/center_2024_12_15_23_02_26_784.jpg, /home/cyun/Documents/end_to_end/IMG/left_2024_12_15_23_02_26_784.jpg, /home/cyun/Documents/end_to_end/IMG/right_2024_12_15_23_02_26_784.jpg, 0, 0.2800601, 0, 30.02171
/home/cyun/Documents/end_to_end/IMG/center_2024_12_15_23_02_26_886.jpg, /home/cyun/Documents/end_to_end/IMG/left_2024_12_15_23_02_26_886.jpg, /home/cyun/Documents/end_to_end/IMG/right_2024_12_15_23_02_26_886.jpg, 0, 0, 0, 29.85958
/home/cyun/Documents/end_to_end/IMG/center_2024_12_15_23_02_26_987.jpg, /home/cyun/Documents/end_to_end/IMG/left_2024_12_15_23_02_26_987.jpg, /home/cyun/Documents/end_to_end/IMG/right_2024_12_15_23_02_26_987.jpg, 0, 0, 0, 29.55838
/home/cyun/Documents/end_to_end/IMG/center_2024_12_15_23_02_27_088.jpg, /home/cyun/Documents/end_to_end/IMG/left_2024_12_15_23_02_27_088.jpg, /home/cyun/Documents/end_to_end/IMG/right_2024_12_15_23_02_27_088.jpg, 0, 0.3010705, 0, 29.42167
/home/cyun/Documents/end_to_end/IMG/center_2024_12_15_23_02_27_190.jpg, /home/cyun/Documents/end_to_end/IMG/left_2024_12_15_23_02_27_190.jpg, /home/cyun/Documents/end_to_end/IMG/right_2024_12_15_23_02_27_190.jpg, 0, 0.6079617, 0, 29.65293
/home/cyun/Documents/end_to_end/IMG/center_2024_12_15_23_02_27_293.jpg, /home/cyun/Documents/end_to_end/IMG/left_2024_12_15_23_02_27_293.jpg, /home/cyun/Documents/end_to_end/IMG/right_2024_12_15_23_02_27_293.jpg, 0, 0.9157648, 0, 30.156
/home/cyun/Documents/end_to_end/IMG/center_2024_12_15_23_02_27_394.jpg, /home/cyun/Documents/end_to_end/IMG/left_2024_12_15_23_02_27_394.jpg, /home/cyun/Documents/end_to_end/IMG/right_2024_12_15_23_02_27_394.jpg, 0, 0.8072419, 0, 30.15315
/home/cyun/Documents/end_to_end/IMG/center_2024_12_15_23_02_27_494.jpg, /home/cyun/Documents/end_to_end/IMG/left_2024_12_15_23_02_27_494.jpg, /home/cyun/Documents/end_to_end/IMG/right_2024_12_15_23_02_27_494.jpg, 0, 0.504374, 0, 30.08017
/home/cyun/Documents/end_to_end/IMG/center_2024_12_15_23_02_27_595.jpg, /home/cyun/Documents/end_to_end/IMG/left_2024_12_15_23_02_27_595.jpg, /home/cyun/Documents/end_to_end/IMG/right_2024_12_15_23_02_27_595.jpg, 0.09563684, 0.2028022, 0, 29.99701
/home/cyun/Documents/end_to_end/IMG/center_2024_12_15_23_02_27_696.jpg, /home/cyun/Documents/end_to_end/IMG/left_2024_12_15_23_02_27_696.jpg, /home/cyun/Documents/end_to_end/IMG/right_2024_12_15_23_02_27_696.jpg, 0.07392526, 0.5068552, 0, 30.05344
/home/cyun/Documents/end_to_end/IMG/center_2024_12_15_23_02_27_807.jpg, /home/cyun/Documents/end_to_end/IMG/left_2024_12_15_23_02_27_807.jpg, /home/cyun/Documents/end_to_end/IMG/right_2024_12_15_23_02_27_807.jpg, 0, 0.30074, 0, 30.02557
/home/cyun/Documents/end_to_end/IMG/center_2024_12_15_23_02_27_913.jpg, /home/cyun/Documents/end_to_end/IMG/left_2024_12_15_23_02_27_913.jpg, /home/cyun/Documents/end_to_end/IMG/right_2024_12_15_23_02_27_913.jpg, -0.1837049, 0.1957555, 0, 29.89214
/home/cyun/Documents/end_to_end/IMG/center_2024_12_15_23_02_28_019.jpg, /home/cyun/Documents/end_to_end/IMG/left_2024_12_15_23_02_28_019.jpg, /home/cyun/Documents/end_to_end/IMG/right_2024_12_15_23_02_28_019.jpg, -0.5029857, 0.5150363, 0, 29.84442
/home/cyun/Documents/end_to_end/IMG/center_2024_12_15_23_02_28_119.jpg, /home/cyun/Documents/end_to_end/IMG/left_2024_12_15_23_02_28_119.jpg, /home/cyun/Documents/end_to_end/IMG/right_2024_12_15_23_02_28_119.jpg, -0.2034209, 0.4265993, 0, 30.06011
/home/cyun/Documents/end_to_end/IMG/center_2024_12_15_23_02_28_219.jpg, /home/cyun/Documents/end_to_end/IMG/left_2024_12_15_23_02_28_219.jpg, /home/cyun/Documents/end_to_end/IMG/right_2024_12_15_23_02_28_219.jpg, 0, 0.192107, 0, 29.97083
/home/cyun/Documents/end_to_end/IMG/center_2024_12_15_23_02_28_320.jpg, /home/cyun/Documents/end_to_end/IMG/left_2024_12_15_23_02_28_320.jpg, /home/cyun/Documents/end_to_end/IMG/right_2024_12_15_23_02_28_320.jpg, 0, 0.4952538, 0, 30.04749
/home/cyun/Documents/end_to_end/IMG/center_2024_12_15_23_02_28_421.jpg, /home/cyun/Documents/end_to_end/IMG/left_2024_12_15_23_02_28_421.jpg, /home/cyun/Documents/end_to_end/IMG/right_2024_12_15_23_02_28_421.jpg, 0, 0.1936605, 0, 29.9992
/home/cyun/Documents/end_to_end/IMG/center_2024_12_15_23_02_28_521.jpg, /home/cyun/Documents/end_to_end/IMG/left_2024_12_15_23_02_28_521.jpg, /home/cyun/Documents/end_to_end/IMG/right_2024_12_15_23_02_28_521.jpg, 0, 0.1480694, 0, 29.81157
/home/cyun/Documents/end_to_end/IMG/center_2024_12_15_23_02_28_632.jpg, /home/cyun/Documents/end_to_end/IMG/left_2024_12_15_23_02_28_632.jpg, /home/cyun/Documents/end_to_end/IMG/right_2024_12_15_23_02_28_632.jpg, 0, 0.50878, 0, 29.90435
/home/cyun/Documents/end_to_end/IMG/center_2024_12_15_23_02_28_733.jpg, /home/cyun/Documents/end_to_end/IMG/left_2024_12_15_23_02_28_733.jpg, /home/cyun/Documents/end_to_end/IMG/right_2024_12_15_23_02_28_733.jpg, -0.1943521, 0.780472, 0, 30.12001
/home/cyun/Documents/end_to_end/IMG/center_2024_12_15_23_02_28_837.jpg, /home/cyun/Documents/end_to_end/IMG/left_2024_12_15_23_02_28_837.jpg, /home/cyun/Documents/end_to_end/IMG/right_2024_12_15_23_02_28_837.jpg, -0.5076334, 1, 0, 30.14133
/home/cyun/Documents/end_to_end/IMG/center_2024_12_15_23_02_28_941.jpg, /home/cyun/Documents/end_to_end/IMG/left_2024_12_15_23_02_28_941.jpg, /home/cyun/Documents/end_to_end/IMG/right_2024_12_15_23_02_28_941.jpg, -0.4169855, 0.7219572, 0, 30.12443
/home/cyun/Documents/end_to_end/IMG/center_2024_12_15_23_02_29_047.jpg, /home/cyun/Documents/end_to_end/IMG/left_2024_12_15_23_02_29_047.jpg, /home/cyun/Documents/end_to_end/IMG/right_2024_12_15_23_02_29_047.jpg, -0.06642365, 0.3713953, 0, 30.04787
/home/cyun/Documents/end_to_end/IMG/center_2024_12_15_23_02_29_154.jpg, /home/cyun/Documents/end_to_end/IMG/left_2024_12_15_23_02_29_154.jpg, /home/cyun/Documents/end_to_end/IMG/right_2024_12_15_23_02_29_154.jpg, 0, 0.08677649, 0, 29.94156
/home/cyun/Documents/end_to_end/IMG/center_2024_12_15_23_02_29_261.jpg, /home/cyun/Documents/end_to_end/IMG/left_2024_12_15_23_02_29_261.jpg, /home/cyun/Documents/end_to_end/IMG/right_2024_12_15_23_02_29_261.jpg, 0, 0.1706007, 0, 29.69534
/home/cyun/Documents/end_to_end/IMG/center_2024_12_15_23_02_29_369.jpg, /home/cyun/Documents/end_to_end/IMG/left_2024_12_15_23_02_29_369.jpg, /home/cyun/Documents/end_to_end/IMG/right_2024_12_15_23_02_29_369.jpg, 0, 0.5271986, 0, 29.82414
/home/cyun/Documents/end_to_end/IMG/center_2024_12_15_23_02_29_476.jpg, /home/cyun/Documents/end_to_end/IMG/left_2024_12_15_23_02_29_476.jpg, /home/cyun/Documents/end_to_end/IMG/right_2024_12_15_23_02_29_476.jpg, 0, 0.8136027, 0, 30.13886
/home/cyun/Documents/end_to_end/IMG/center_2024_12_15_23_02_29_581.jpg, /home/cyun/Documents/end_to_end/IMG/left_2024_12_15_23_02_29_581.jpg, /home/cyun/Documents/end_to_end/IMG/right_2024_12_15_23_02_29_581.jpg, 0, 1, 0, 30.1892
/home/cyun/Documents/end_to_end/IMG/center_2024_12_15_23_02_29_687.jpg, /home/cyun/Documents/end_to_end/IMG/left_2024_12_15_23_02_29_687.jpg, /home/cyun/Documents/end_to_end/IMG/right_2024_12_15_23_02_29_687.jpg, 0, 0.7267716, 0, 30.13754
/home/cyun/Documents/end_to_end/IMG/center_2024_12_15_23_02_29_796.jpg, /home/cyun/Documents/end_to_end/IMG/left_2024_12_15_23_02_29_796.jpg, /home/cyun/Documents/end_to_end/IMG/right_2024_12_15_23_02_29_796.jpg, 0.03566051, 0.4350281, 0, 30.05164
/home/cyun/Documents/end_to_end/IMG/center_2024_12_15_23_02_29_904.jpg, /home/cyun/Documents/end_to_end/IMG/left_2024_12_15_23_02_29_904.jpg, /home/cyun/Documents/end_to_end/IMG/right_2024_12_15_23_02_29_904.jpg, 0.3959785, 0.2778757, 0, 29.89472
/home/cyun/Documents/end_to_end/IMG/center_2024_12_15_23_02_30_012.jpg, /home/cyun/Documents/end_to_end/IMG/left_2024_12_15_23_02_30_012.jpg, /home/cyun/Documents/end_to_end/IMG/right_2024_12_15_23_02_30_012.jpg, 0.07310629, 0.5319102, 0, 30.07345
/home/cyun/Documents/end_to_end/IMG/center_2024_12_15_23_02_30_120.jpg, /home/cyun/Documents/end_to_end/IMG/left_2024_12_15_23_02_30_120.jpg, /home/cyun/Documents/end_to_end/IMG/right_2024_12_15_23_02_30_120.jpg, 0, 0.2406673, 0, 30.00891
/home/cyun/Documents/end_to_end/IMG/center_2024_12_15_23_02_30_228.jpg, /home/cyun/Documents/end_to_end/IMG/left_2024_12_15_23_02_30_228.jpg, /home/cyun/Documents/end_to_end/IMG/right_2024_12_15_23_02_30_228.jpg, 0, 0, 0, 29.76198
/home/cyun/Documents/end_to_end/IMG/center_2024_12_15_23_02_30_334.jpg, /home/cyun/Documents/end_to_end/IMG/left_2024_12_15_23_02_30_334.jpg, /home/cyun/Documents/end_to_end/IMG/right_2024_12_15_23_02_30_334.jpg, 0, 0.2004089, 0, 29.52019
/home/cyun/Documents/end_to_end/IMG/center_2024_12_15_23_02_30_440.jpg, /home/cyun/Documents/end_to_end/IMG/left_2024_12_15_23_02_30_440.jpg, /home/cyun/Documents/end_to_end/IMG/right_2024_12_15_23_02_30_440.jpg, 0, 0.4860506, 0, 29.61821
/home/cyun/Documents/end_to_end/IMG/center_2024_12_15_23_02_30_548.jpg, /home/cyun/Documents/end_to_end/IMG/left_2024_12_15_23_02_30_548.jpg, /home/cyun/Documents/end_to_end/IMG/right_2024_12_15_23_02_30_548.jpg, 0, 0.8427837, 0, 30.13873
/home/cyun/Documents/end_to_end/IMG/center_2024_12_15_23_02_30_657.jpg, /home/cyun/Documents/end_to_end/IMG/left_2024_12_15_23_02_30_657.jpg, /home/cyun/Documents/end_to_end/IMG/right_2024_12_15_23_02_30_657.jpg, 0, 1, 0, 30.18995
/home/cyun/Documents/end_to_end/IMG/center_2024_12_15_23_02_30_764.jpg, /home/cyun/Documents/end_to_end/IMG/left_2024_12_15_23_02_30_764.jpg, /home/cyun/Documents/end_to_end/IMG/right_2024_12_15_23_02_30_764.jpg, -0.1164143, 0.8300138, 0, 30.15145
/home/cyun/Documents/end_to_end/IMG/center_2024_12_15_23_02_30_871.jpg, /home/cyun/Documents/end_to_end/IMG/left_2024_12_15_23_02_30_871.jpg, /home/cyun/Documents/end_to_end/IMG/right_2024_12_15_23_02_30_871.jpg, 0, 0.849925, 0, 30.14044
/home/cyun/Documents/end_to_end/IMG/center_2024_12_15_23_02_30_978.jpg, /home/cyun/Documents/end_to_end/IMG/left_2024_12_15_23_02_30_978.jpg, /home/cyun/Documents/end_to_end/IMG/right_2024_12_15_23_02_30_978.jpg, 0, 0.7946165, 0, 30.15633
/home/cyun/Documents/end_to_end/IMG/center_2024_12_15_23_02_31_083.jpg, /home/cyun/Documents/end_to_end/IMG/left_2024_12_15_23_02_31_083.jpg, /home/cyun/Documents/end_to_end/IMG/right_2024_12_15_23_02_31_083.jpg, 0, 0.4452963, 0, 30.05354
/home/cyun/Documents/end_to_end/IMG/center_2024_12_15_23_02_31_190.jpg, /home/cyun/Documents/end_to_end/IMG/left_2024_12_15_23_02_31_190.jpg, /home/cyun/Documents/end_to_end/IMG/right_2024_12_15_23_02_31_190.jpg, 0, 0.1235735, 0, 29.98138
/home/cyun/Documents/end_to_end/IMG/center_2024_12_15_23_02_31_300.jpg, /home/cyun/Documents/end_to_end/IMG/left_2024_12_15_23_02_31_300.jpg, /home/cyun/Documents/end_to_end/IMG/right_2024_12_15_23_02_31_300.jpg, 0, 0.1409755, 0, 29.7494
/home/cyun/Documents/end_to_end/IMG/center_2024_12_15_23_02_31_409.jpg, /home/cyun/Documents/end_to_end/IMG/left_2024_12_15_23_02_31_409.jpg, /home/cyun/Documents/end_to_end/IMG/right_2024_12_15_23_02_31_409.jpg, -0.3264749, 0.2236025, 0, 29.73448
/home/cyun/Documents/end_to_end/IMG/center_2024_12_15_23_02_31_518.jpg, /home/cyun/Documents/end_to_end/IMG/left_2024_12_15_23_02_31_518.jpg, /home/cyun/Documents/end_to_end/IMG/right_2024_12_15_23_02_31_518.jpg, -0.6157265, 0, 0, 29.31357
/home/cyun/Documents/end_to_end/IMG/center_2024_12_15_23_02_31_624.jpg, /home/cyun/Documents/end_to_end/IMG/left_2024_12_15_23_02_31_624.jpg, /home/cyun/Documents/end_to_end/IMG/right_2024_12_15_23_02_31_624.jpg, -0.2592065, 0, 0, 28.89134
/home/cyun/Documents/end_to_end/IMG/center_2024_12_15_23_02_31_727.jpg, /home/cyun/Documents/end_to_end/IMG/left_2024_12_15_23_02_31_727.jpg, /home/cyun/Documents/end_to_end/IMG/right_2024_12_15_23_02_31_727.jpg, 0, 0, 0, 28.59775
/home/cyun/Documents/end_to_end/IMG/center_2024_12_15_23_02_31_832.jpg, /home/cyun/Documents/end_to_end/IMG/left_2024_12_15_23_02_31_832.jpg, /home/cyun/Documents/end_to_end/IMG/right_2024_12_15_23_02_31_832.jpg, 0, 0.2699611, 0, 28.42538
/home/cyun/Documents/end_to_end/IMG/center_2024_12_15_23_02_31_938.jpg, /home/cyun/Documents/end_to_end/IMG/left_2024_12_15_23_02_31_938.jpg, /home/cyun/Documents/end_to_end/IMG/right_2024_12_15_23_02_31_938.jpg, 0, 0.555876, 0, 28.62137
/home/cyun/Documents/end_to_end/IMG/center_2024_12_15_23_02_32_045.jpg, /home/cyun/Documents/end_to_end/IMG/left_2024_12_15_23_02_32_045.jpg, /home/cyun/Documents/end_to_end/IMG/right_2024_12_15_23_02_32_045.jpg, 0, 0.7065024, 0, 29.30783
/home/cyun/Documents/end_to_end/IMG/center_2024_12_15_23_02_32_149.jpg, /home/cyun/Documents/end_to_end/IMG/left_2024_12_15_23_02_32_149.jpg, /home/cyun/Documents/end_to_end/IMG/right_2024_12_15_23_02_32_149.jpg, 0, 0.3937676, 0, 29.69807
/home/cyun/Documents/end_to_end/IMG/center_2024_12_15_23_02_32_255.jpg, /home/cyun/Documents/end_to_end/IMG/left_2024_12_15_23_02_32_255.jpg, /home/cyun/Documents/end_to_end/IMG/right_2024_12_15_23_02_32_255.jpg, 0, 0.3838949, 0, 29.79715
/home/cyun/Documents/end_to_end/IMG/center_2024_12_15_23_02_32_364.jpg, /home/cyun/Documents/end_to_end/IMG/left_2024_12_15_23_02_32_364.jpg, /home/cyun/Documents/end_to_end/IMG/right_2024_12_15_23_02_32_364.jpg, 0, 0.7439489, 0, 30.1209
/home/cyun/Documents/end_to_end/IMG/center_2024_12_15_23_02_32_472.jpg, /home/cyun/Documents/end_to_end/IMG/left_2024_12_15_23_02_32_472.jpg, /home/cyun/Documents/end_to_end/IMG/right_2024_12_15_23_02_32_472.jpg, 0, 1, 0, 30.19296
/home/cyun/Documents/end_to_end/IMG/center_2024_12_15_23_02_32_577.jpg, /home/cyun/Documents/end_to_end/IMG/left_2024_12_15_23_02_32_577.jpg, /home/cyun/Documents/end_to_end/IMG/right_2024_12_15_23_02_32_577.jpg, 0, 1, 0, 30.19027
/home/cyun/Documents/end_to_end/IMG/center_2024_12_15_23_02_32_683.jpg, /home/cyun/Documents/end_to_end/IMG/left_2024_12_15_23_02_32_683.jpg, /home/cyun/Documents/end_to_end/IMG/right_2024_12_15_23_02_32_683.jpg, 0, 1, 0, 30.1903
/home/cyun/Documents/end_to_end/IMG/center_2024_12_15_23_02_32_787.jpg, /home/cyun/Documents/end_to_end/IMG/left_2024_12_15_23_02_32_787.jpg, /home/cyun/Documents/end_to_end/IMG/right_2024_12_15_23_02_32_787.jpg, 0, 1, 0, 30.19031
/home/cyun/Documents/end_to_end/IMG/center_2024_12_15_23_02_32_889.jpg, /home/cyun/Documents/end_to_end/IMG/left_2024_12_15_23_02_32_889.jpg, /home/cyun/Documents/end_to_end/IMG/right_2024_12_15_23_02_32_889.jpg, 0, 1, 0, 30.1903
/home/cyun/Documents/end_to_end/IMG/center_2024_12_15_23_02_32_992.jpg, /home/cyun/Documents/end_to_end/IMG/left_2024_12_15_23_02_32_992.jpg, /home/cyun/Documents/end_to_end/IMG/right_2024_12_15_23_02_32_992.jpg, 0, 0.6907477, 0, 30.12495
/home/cyun/Documents/end_to_end/IMG/center_2024_12_15_23_02_33_098.jpg, /home/cyun/Documents/end_to_end/IMG/left_2024_12_15_23_02_33_098.jpg, /home/cyun/Documents/end_to_end/IMG/right_2024_12_15_23_02_33_098.jpg, 0, 0.9769144, 0, 30.16775
/home/cyun/Documents/end_to_end/IMG/center_2024_12_15_23_02_33_205.jpg, /home/cyun/Documents/end_to_end/IMG/left_2024_12_15_23_02_33_205.jpg, /home/cyun/Documents/end_to_end/IMG/right_2024_12_15_23_02_33_205.jpg, 0, 1, 0, 30.19029
/home/cyun/Documents/end_to_end/IMG/center_2024_12_15_23_02_33_312.jpg, /home/cyun/Documents/end_to_end/IMG/left_2024_12_15_23_02_33_312.jpg, /home/cyun/Documents/end_to_end/IMG/right_2024_12_15_23_02_33_312.jpg, 0, 1, 0, 30.1903
/home/cyun/Documents/end_to_end/IMG/center_2024_12_15_23_02_33_419.jpg, /home/cyun/Documents/end_to_end/IMG/left_2024_12_15_23_02_33_419.jpg, /home/cyun/Documents/end_to_end/IMG/right_2024_12_15_23_02_33_419.jpg, 0, 1, 0, 30.19035
/home/cyun/Documents/end_to_end/IMG/center_2024_12_15_23_02_33_524.jpg, /home/cyun/Documents/end_to_end/IMG/left_2024_12_15_23_02_33_524.jpg, /home/cyun/Documents/end_to_end/IMG/right_2024_12_15_23_02_33_524.jpg, 0, 1, 0, 30.19031
/home/cyun/Documents/end_to_end/IMG/center_2024_12_15_23_02_33_634.jpg, /home/cyun/Documents/end_to_end/IMG/left_2024_12_15_23_02_33_634.jpg, /home/cyun/Documents/end_to_end/IMG/right_2024_12_15_23_02_33_634.jpg, 0, 1, 0, 30.19031
/home/cyun/Documents/end_to_end/IMG/center_2024_12_15_23_02_33_746.jpg, /home/cyun/Documents/end_to_end/IMG/left_2024_12_15_23_02_33_746.jpg, /home/cyun/Documents/end_to_end/IMG/right_2024_12_15_23_02_33_746.jpg, 0, 0.9285245, 0, 30.19031
/home/cyun/Documents/end_to_end/IMG/center_2024_12_15_23_02_33_857.jpg, /home/cyun/Documents/end_to_end/IMG/left_2024_12_15_23_02_33_857.jpg, /home/cyun/Documents/end_to_end/IMG/right_2024_12_15_23_02_33_857.jpg, 0, 1, 0, 30.18955
/home/cyun/Documents/end_to_end/IMG/center_2024_12_15_23_02_33_966.jpg, /home/cyun/Documents/end_to_end/IMG/left_2024_12_15_23_02_33_966.jpg, /home/cyun/Documents/end_to_end/IMG/right_2024_12_15_23_02_33_966.jpg, 0, 1, 0, 30.19031
/home/cyun/Documents/end_to_end/IMG/center_2024_12_15_23_02_34_071.jpg, /home/cyun/Documents/end_to_end/IMG/left_2024_12_15_23_02_34_071.jpg, /home/cyun/Documents/end_to_end/IMG/right_2024_12_15_23_02_34_071.jpg, 0, 1, 0, 30.1903
/home/cyun/Documents/end_to_end/IMG/center_2024_12_15_23_02_34_174.jpg, /home/cyun/Documents/end_to_end/IMG/left_2024_12_15_23_02_34_174.jpg, /home/cyun/Documents/end_to_end/IMG/right_2024_12_15_23_02_34_174.jpg, 0, 1, 0, 30.1903
/home/cyun/Documents/end_to_end/IMG/center_2024_12_15_23_02_34_276.jpg, /home/cyun/Documents/end_to_end/IMG/left_2024_12_15_23_02_34_276.jpg, /home/cyun/Documents/end_to_end/IMG/right_2024_12_15_23_02_34_276.jpg, 0, 1, 0, 30.1903
/home/cyun/Documents/end_to_end/IMG/center_2024_12_15_23_02_34_379.jpg, /home/cyun/Documents/end_to_end/IMG/left_2024_12_15_23_02_34_379.jpg, /home/cyun/Documents/end_to_end/IMG/right_2024_12_15_23_02_34_379.jpg, 0, 1, 0, 30.19032
/home/cyun/Documents/end_to_end/IMG/center_2024_12_15_23_02_34_484.jpg, /home/cyun/Documents/end_to_end/IMG/left_2024_12_15_23_02_34_484.jpg, /home/cyun/Documents/end_to_end/IMG/right_2024_12_15_23_02_34_484.jpg, 0, 1, 0, 30.19029
/home/cyun/Documents/end_to_end/IMG/center_2024_12_15_23_02_34_588.jpg, /home/cyun/Documents/end_to_end/IMG/left_2024_12_15_23_02_34_588.jpg, /home/cyun/Documents/end_to_end/IMG/right_2024_12_15_23_02_34_588.jpg, 0, 1, 0, 30.19029
/home/cyun/Documents/end_to_end/IMG/center_2024_12_15_23_02_34_692.jpg, /home/cyun/Documents/end_to_end/IMG/left_2024_12_15_23_02_34_692.jpg, /home/cyun/Documents/end_to_end/IMG/right_2024_12_15_23_02_34_692.jpg, 0, 1, 0, 30.19034
/home/cyun/Documents/end_to_end/IMG/center_2024_12_15_23_02_34_798.jpg, /home/cyun/Documents/end_to_end/IMG/left_2024_12_15_23_02_34_798.jpg, /home/cyun/Documents/end_to_end/IMG/right_2024_12_15_23_02_34_798.jpg, 0, 1, 0, 30.19029
/home/cyun/Documents/end_to_end/IMG/center_2024_12_15_23_02_34_906.jpg, /home/cyun/Documents/end_to_end/IMG/left_2024_12_15_23_02_34_906.jpg, /home/cyun/Documents/end_to_end/IMG/right_2024_12_15_23_02_34_906.jpg, 0, 1, 0, 30.19029
/home/cyun/Documents/end_to_end/IMG/center_2024_12_15_23_02_35_015.jpg, /home/cyun/Documents/end_to_end/IMG/left_2024_12_15_23_02_35_015.jpg, /home/cyun/Documents/end_to_end/IMG/right_2024_12_15_23_02_35_015.jpg, 0, 0.8230507, 0, 30.15069
/home/cyun/Documents/end_to_end/IMG/center_2024_12_15_23_02_35_128.jpg, /home/cyun/Documents/end_to_end/IMG/left_2024_12_15_23_02_35_128.jpg, /home/cyun/Documents/end_to_end/IMG/right_2024_12_15_23_02_35_128.jpg, 0, 0.4504361, 0, 30.06754
/home/cyun/Documents/end_to_end/IMG/center_2024_12_15_23_02_35_238.jpg, /home/cyun/Documents/end_to_end/IMG/left_2024_12_15_23_02_35_238.jpg, /home/cyun/Documents/end_to_end/IMG/right_2024_12_15_23_02_35_238.jpg, 0, 0.1535199, 0, 29.99197
/home/cyun/Documents/end_to_end/IMG/center_2024_12_15_23_02_35_348.jpg, /home/cyun/Documents/end_to_end/IMG/left_2024_12_15_23_02_35_348.jpg, /home/cyun/Documents/end_to_end/IMG/right_2024_12_15_23_02_35_348.jpg, -0.04625416, 0, 0, 29.66231
/home/cyun/Documents/end_to_end/IMG/center_2024_12_15_23_02_35_454.jpg, /home/cyun/Documents/end_to_end/IMG/left_2024_12_15_23_02_35_454.jpg, /home/cyun/Documents/end_to_end/IMG/right_2024_12_15_23_02_35_454.jpg, 0, 0, 0, 29.36216
/home/cyun/Documents/end_to_end/IMG/center_2024_12_15_23_02_35_560.jpg, /home/cyun/Documents/end_to_end/IMG/left_2024_12_15_23_02_35_560.jpg, /home/cyun/Documents/end_to_end/IMG/right_2024_12_15_23_02_35_560.jpg, 0, 0, 0, 29.06552
/home/cyun/Documents/end_to_end/IMG/center_2024_12_15_23_02_35_667.jpg, /home/cyun/Documents/end_to_end/IMG/left_2024_12_15_23_02_35_667.jpg, /home/cyun/Documents/end_to_end/IMG/right_2024_12_15_23_02_35_667.jpg, 0, 0, 0, 28.71379
/home/cyun/Documents/end_to_end/IMG/center_2024_12_15_23_02_35_776.jpg, /home/cyun/Documents/end_to_end/IMG/left_2024_12_15_23_02_35_776.jpg, /home/cyun/Documents/end_to_end/IMG/right_2024_12_15_23_02_35_776.jpg, 0, 0, 0, 28.42398
/home/cyun/Documents/end_to_end/IMG/center_2024_12_15_23_02_35_885.jpg, /home/cyun/Documents/end_to_end/IMG/left_2024_12_15_23_02_35_885.jpg, /home/cyun/Documents/end_to_end/IMG/right_2024_12_15_23_02_35_885.jpg, -0.2076237, 0, 0, 28.06247
/home/cyun/Documents/end_to_end/IMG/center_2024_12_15_23_02_35_990.jpg, /home/cyun/Documents/end_to_end/IMG/left_2024_12_15_23_02_35_990.jpg, /home/cyun/Documents/end_to_end/IMG/right_2024_12_15_23_02_35_990.jpg, -0.521229, 0, 0, 27.61784
/home/cyun/Documents/end_to_end/IMG/center_2024_12_15_23_02_36_099.jpg, /home/cyun/Documents/end_to_end/IMG/left_2024_12_15_23_02_36_099.jpg, /home/cyun/Documents/end_to_end/IMG/right_2024_12_15_23_02_36_099.jpg, -0.2276251, 0, 0, 27.28652
/home/cyun/Documents/end_to_end/IMG/center_2024_12_15_23_02_36_209.jpg, /home/cyun/Documents/end_to_end/IMG/left_2024_12_15_23_02_36_209.jpg, /home/cyun/Documents/end_to_end/IMG/right_2024_12_15_23_02_36_209.jpg, -0.2135289, 0, 0, 26.96002
/home/cyun/Documents/end_to_end/IMG/center_2024_12_15_23_02_36_316.jpg, /home/cyun/Documents/end_to_end/IMG/left_2024_12_15_23_02_36_316.jpg, /home/cyun/Documents/end_to_end/IMG/right_2024_12_15_23_02_36_316.jpg, -0.2945709, 0, 0, 26.64427
/home/cyun/Documents/end_to_end/IMG/center_2024_12_15_23_02_36_423.jpg, /home/cyun/Documents/end_to_end/IMG/left_2024_12_15_23_02_36_423.jpg, /home/cyun/Documents/end_to_end/IMG/right_2024_12_15_23_02_36_423.jpg, 0, 0, 0, 26.32305
/home/cyun/Documents/end_to_end/IMG/center_2024_12_15_23_02_36_527.jpg, /home/cyun/Documents/end_to_end/IMG/left_2024_12_15_23_02_36_527.jpg, /home/cyun/Documents/end_to_end/IMG/right_2024_12_15_23_02_36_527.jpg, 0, 0, 0, 26.05605
/home/cyun/Documents/end_to_end/IMG/center_2024_12_15_23_02_36_631.jpg, /home/cyun/Documents/end_to_end/IMG/left_2024_12_15_23_02_36_631.jpg, /home/cyun/Documents/end_to_end/IMG/right_2024_12_15_23_02_36_631.jpg, 0, 0, 0, 25.79583
/home/cyun/Documents/end_to_end/IMG/center_2024_12_15_23_02_36_738.jpg, /home/cyun/Documents/end_to_end/IMG/left_2024_12_15_23_02_36_738.jpg, /home/cyun/Documents/end_to_end/IMG/right_2024_12_15_23_02_36_738.jpg, 0, 0.2865744, 0, 25.69244
/home/cyun/Documents/end_to_end/IMG/center_2024_12_15_23_02_36_846.jpg, /home/cyun/Documents/end_to_end/IMG/left_2024_12_15_23_02_36_846.jpg, /home/cyun/Documents/end_to_end/IMG/right_2024_12_15_23_02_36_846.jpg, 0, 0.2301235, 0, 25.89848
/home/cyun/Documents/end_to_end/IMG/center_2024_12_15_23_02_36_955.jpg, /home/cyun/Documents/end_to_end/IMG/left_2024_12_15_23_02_36_955.jpg, /home/cyun/Documents/end_to_end/IMG/right_2024_12_15_23_02_36_955.jpg, 0, 0, 0, 25.74059
/home/cyun/Documents/end_to_end/IMG/center_2024_12_15_23_02_37_065.jpg, /home/cyun/Documents/end_to_end/IMG/left_2024_12_15_23_02_37_065.jpg, /home/cyun/Documents/end_to_end/IMG/right_2024_12_15_23_02_37_065.jpg, 0.208349, 0, 0, 25.39593
/home/cyun/Documents/end_to_end/IMG/center_2024_12_15_23_02_37_165.jpg, /home/cyun/Documents/end_to_end/IMG/left_2024_12_15_23_02_37_165.jpg, /home/cyun/Documents/end_to_end/IMG/right_2024_12_15_23_02_37_165.jpg, 0, 0, 0, 25.1386
/home/cyun/Documents/end_to_end/IMG/center_2024_12_15_23_02_37_273.jpg, /home/cyun/Documents/end_to_end/IMG/left_2024_12_15_23_02_37_273.jpg, /home/cyun/Documents/end_to_end/IMG/right_2024_12_15_23_02_37_273.jpg, 0, 0, 0, 24.8851
/home/cyun/Documents/end_to_end/IMG/center_2024_12_15_23_02_37_380.jpg, /home/cyun/Documents/end_to_end/IMG/left_2024_12_15_23_02_37_380.jpg, /home/cyun/Documents/end_to_end/IMG/right_2024_12_15_23_02_37_380.jpg, 0, 0, 0, 24.63508
/home/cyun/Documents/end_to_end/IMG/center_2024_12_15_23_02_37_486.jpg, /home/cyun/Documents/end_to_end/IMG/left_2024_12_15_23_02_37_486.jpg, /home/cyun/Documents/end_to_end/IMG/right_2024_12_15_23_02_37_486.jpg, 0, 0, 0, 24.33854
/home/cyun/Documents/end_to_end/IMG/center_2024_12_15_23_02_37_594.jpg, /home/cyun/Documents/end_to_end/IMG/left_2024_12_15_23_02_37_594.jpg, /home/cyun/Documents/end_to_end/IMG/right_2024_12_15_23_02_37_594.jpg, 0, 0, 0, 24.09415
/home/cyun/Documents/end_to_end/IMG/center_2024_12_15_23_02_37_699.jpg, /home/cyun/Documents/end_to_end/IMG/left_2024_12_15_23_02_37_699.jpg, /home/cyun/Documents/end_to_end/IMG/right_2024_12_15_23_02_37_699.jpg, 0, 0, 0, 23.85224
